Time,X,Y,Z
0,0,50,0
0.001,-0.00014989999999977545,49.999999999775298,0
0.002,-0.00059919999998565734,49.999999996409592,0
0.0030000000000000001,-0.0013472999998369573,49.999999981847829,0
0.0040000000000000001,-0.0023935999990857531,49.999999942706793,0
0.0050000000000000001,-0.0037374999965194148,49.999999860310936,0
0.0060000000000000001,-0.0053783999896278682,49.999999710728133,0
0.0070000000000000001,-0.0073156999738978445,49.999999464805335,0
0.0080000000000000002,-0.0095487999419562927,49.999999088204191,0
0.0090000000000000011,-0.012077099882565227,49.999998541436561,0
0.01,-0.014899999779470071,49.999997779900013,0
0.010999999999999999,-0.018016899610103856,49.99999675391318,0
0.012,-0.021427199344149273,49.999995408751069,0
0.013000000000000001,-0.025130298941960817,49.999993684680355,0
0.014,-0.029125598352849148,49.999991516994484,0
0.014999999999999999,-0.033412497513229847,49.99998883604885,0
0.016,-0.03799039634463855,49.999985567295774,0
0.017000000000000001,-0.042858694751614759,49.999981631319464,0
0.018000000000000002,-0.048016792619456204,49.999976943870948,0
0.019,-0.053464089811846083,49.999971415902834,0
0.02,-0.059199986168355097,49.999964953604092,0
0.021000000000000001,-0.065223881501820291,49.999957458434722,0
0.021999999999999999,-0.071535175595602865,49.999948827160338,0
0.023,-0.07813326820072708,49.999938951886733,0
0.024,-0.085017559032901993,49.99992772009432,0
0.025000000000000001,-0.092187447769428263,49.99991501467251,0
0.026000000000000002,-0.099642334045991945,49.999900713954084,0
0.027,-0.10738161745334746,49.999884691749372,0
0.028000000000000001,-0.11540469753389136,49.999866817380493,0
0.029000000000000001,-0.12371097377812898,49.999846955715441,0
0.029999999999999999,-0.13229984562103625,49.999824967202123,0
0.031,-0.14117071243831822,49.999800707902324,0
0.032000000000000001,-0.15032297354256635,49.999774029525625,0
0.033000000000000002,-0.15975602817931658,49.999744779463228,0
0.034000000000000002,-0.16946927552301,49.999712800821705,0
0.035000000000000003,-0.179462114672858,49.999677932456699,0
0.036000000000000004,-0.18973394464861382,49.999640009006548,0
0.036999999999999998,-0.20028416438625268,49.999598860925836,0
0.037999999999999999,-0.21111217273356164,49.999554314518882,0
0.039,-0.22221736844564174,49.999506191973147,0
0.040000000000000001,-0.23359915018032371,49.99945431139259,0
0.041000000000000002,-0.24525691649350009,49.999398486830941,0
0.042000000000000003,-0.25719006583437382,49.999338528324913,0
0.043000000000000003,-0.26939799654062713,49.999274241927353,0
0.043999999999999997,-0.28188010683351056,49.999205429740293,0
0.044999999999999998,-0.29463579481285657,49.999131889947996,0
0.045999999999999999,-0.30766445845201551,49.999053416849854,0
0.047,-0.32096549559271986,49.998969800893285,0
0.048000000000000001,-0.33453830393987621,49.998880828706525,0
0.049000000000000002,-0.34838228105628716,49.998786283131373,0
0.050000000000000003,-0.3624968243573044,49.998685943255857,0
0.051000000000000004,-0.37688133110541627,49.998579584446837,0
0.052000000000000005,-0.39153519840476947,49.998466978382545,0
0.052999999999999999,-0.40645782319562845,49.998347893085061,0
0.053999999999999999,-0.42164860224877276,49.99822209295268,0
0.055,-0.43710693215983459,49.998089338792319,0
0.056000000000000001,-0.45283220934357871,49.997949387851712,0
0.057000000000000002,-0.46882383002812528,49.997801993851667,0
0.058000000000000003,-0.48508119024911911,49.997646907018201,0
0.059000000000000004,-0.50160368584384341,49.997483874114586,0
0.059999999999999998,-0.5183907124452849,49.997312638473382,0
0.060999999999999999,-0.53544166547614758,49.997132940028393,0
0.062,-0.55275594014281659,49.996944515346506,0
0.063,-0.57033293142927954,49.996747097659537,0
0.064000000000000001,-0.58817203409099739,49.996540416895982,0
0.065000000000000002,-0.60627264264873759,49.996324199712681,0
0.066000000000000003,-0.62463415138235956,49.996098169526455,0
0.067000000000000004,-0.64325595432456439,49.995862046545675,0
0.068000000000000005,-0.6621374452546025,49.995615547801705,0
0.069000000000000006,-0.68127801769194651,49.995358387180403,0
0.070000000000000007,-0.70067706488992554,49.995090275453421,0
0.071000000000000008,-0.7203339798293279,49.994810920309554,0
0.072000000000000008,-0.74024815521196918,49.994520026385942,0
0.072999999999999995,-0.76041898345422987,49.994217295299286,0
0.073999999999999996,-0.78084585668056328,49.993902425676922,0
0.074999999999999997,-0.80152816671697469,49.993575113187887,0
0.075999999999999998,-0.82246530508447291,49.993235050573915,0
0.076999999999999999,-0.8436566629924992,49.992881927680351,0
0.078,-0.86510163133232854,49.992515431487,0
0.079000000000000001,-0.88679960067045172,49.992135246138972,0
0.080000000000000002,-0.9087499612419333,49.991741052977368,0
0.081000000000000003,-0.93095210294375297,49.991332530569984,0
0.082000000000000003,-0.95340541532812595,49.990909354741916,0
0.083000000000000004,-0.97610928759580862,49.99047119860613,0
0.084000000000000005,-0.9990631085893863,49.990017732593934,0
0.085000000000000006,-1.0222662667865501,49.989548624485401,0
0.086000000000000007,-1.0457181502933579,49.989063539439776,0
0.087000000000000008,-1.0694181468374857,49.988562140025742,0
0.087999999999999995,-1.0933656437614687,49.988044086251683,0
0.088999999999999996,-1.1175600280159335,49.987509035595892,0
0.089999999999999997,-1.1420006861528225,49.986956643036656,0
0.090999999999999998,-1.1666870043186131,49.986386561082348,0
0.091999999999999998,-1.191618368247531,49.985798439801428,0
0.092999999999999999,-1.2167941632547628,49.985191926852387,0
0.094,-1.2422137742296608,49.984566667513626,0
0.095000000000000001,-1.2678765856289547,49.983922304713282,0
0.096000000000000002,-1.2937819814699556,49.983258479059003,0
0.097000000000000003,-1.3199293453237697,49.982574828867641,0
0.098000000000000004,-1.3463180603085059,49.981870990194906,0
0.099000000000000005,-1.3729475090824972,49.981146596864946,0
0.10000000000000001,-1.3998170738375197,49.980401280499869,0
0.10100000000000001,-1.4269261362920223,49.979634670549231,0
0.10200000000000001,-1.4542740776843621,49.978846394319419,0
0.10300000000000001,-1.4818602787660526,49.978036077003019,0
0.10400000000000001,-1.5096841197950159,49.977203341708098,0
0.105,-1.5377449805288508,49.976347809487422,0
0.106,-1.5660422402181149,49.975469099367665,0
0.107,-1.5945752775996151,49.974566828378492,0
0.108,-1.6233434708897156,49.973640611581622,0
0.109,-1.6523461977776661,49.972690062099815,0
0.11,-1.681582835418939,49.971714791145843,0
0.111,-1.7110527604285917,49.970714408051336,0
0.112,-1.7407553488746446,49.969688520295627,0
0.113,-1.7706899762714832,49.968636733534481,0
0.114,-1.8008560175732755,49.967558651628863,0
0.115,-1.8312528471674228,49.966453876673512,0
0.11600000000000001,-1.8618798388680211,49.965322009025584,0
0.11700000000000001,-1.892736365909357,49.964162647333183,0
0.11800000000000001,-1.923821800939429,49.962975388563784,0
0.11900000000000001,-1.9551355160134893,49.961759828032704,0
0.12,-1.9866768825876204,49.96051555943145,0
0.121,-2.0184452715123404,49.959242174855987,0
0.122,-2.0504400530262314,49.957939264835034,0
0.123,-2.0826605967496072,49.956606418358191,0
0.124,-2.1151062716782119,49.955243222904116,0
0.125,-2.147776446176946,49.953849264468573,0
0.126,-2.1806704879736345,49.952424127592458,0
0.127,-2.2137877641528223,49.950967395389725,0
0.128,-2.2471276411496115,49.949478649575326,0
0.129,-2.2806894847435402,49.94795747049303,0
0.13,-2.3144726600524801,49.946403437143196,0
0.13100000000000001,-2.3484765315265994,49.94481612721053,0
0.13200000000000001,-2.3827004629423438,49.943195117091719,0
0.13300000000000001,-2.4171438173964743,49.941539981923086,0
0.13400000000000001,-2.4518059573001327,49.939850295608089,0
0.13500000000000001,-2.486686244372962,49.93812563084488,0
0.13600000000000001,-2.5217840396372644,49.936365559153693,0
0.13700000000000001,-2.5570987034122044,49.934569650904251,0
0.13800000000000001,-2.5926295953080558,49.932737475343096,0
0.13900000000000001,-2.628376074220502,49.930868600620848,0
0.14000000000000001,-2.6643374983249726,49.928962593819428,0
0.14100000000000001,-2.7005132250710413,49.927019020979174,0
0.14200000000000002,-2.7369026111768577,49.925037447126002,0
0.14300000000000002,-2.7735050126236422,49.923017436298373,0
0.14400000000000002,-2.8103197846502219,49.920958551574344,0
0.14499999999999999,-2.8473462817476283,49.918860355098431,0
0.14599999999999999,-2.8845838576537348,49.916722408108519,0
0.14699999999999999,-2.9220318653479538,49.914544270962658,0
0.14799999999999999,-2.9596896570459936,49.912325503165796,0
0.14899999999999999,-2.9975565841946548,49.910065663396509,0
0.14999999999999999,-3.0356319974666999,49.907764309533604,0
0.151,-3.0739152467557616,49.905420998682722,0
0.152,-3.1124056811713254,49.903035287202847,0
0.153,-3.1511026490337555,49.900606730732768,0
0.154,-3.1900054978693877,49.898134884217498,0
0.155,-3.229113574405678,49.895619301934602,0
0.156,-3.2684262245664142,49.893059537520514,0
0.157,-3.3079427934669821,49.890455143996732,0
0.158,-3.3476626254097042,49.887805673796024,0
0.159,-3.3875850638792251,49.885110678788543,0
0.16,-3.4277094515379782,49.882369710307842,0
0.161,-3.4680351302216961,49.879582319176933,0
0.16200000000000001,-3.5085614409350021,49.87674805573419,0
0.16300000000000001,-3.5492877238470597,49.87386646985923,0
0.16400000000000001,-3.5902133182872853,49.870937110998753,0
0.16500000000000001,-3.6313375627411277,49.867959528192301,0
0.16600000000000001,-3.6726597948459268,49.864933270097957,0
0.16700000000000001,-3.7141793513868149,49.861857885018004,0
0.16800000000000001,-3.7558955682927131,49.858732920924488,0
0.16900000000000001,-3.7978077806323789,49.855557925484781,0
0.17000000000000001,-3.8399153226105298,49.852332446087026,0
0.17100000000000001,-3.8822175275640327,49.849056029865544,0
0.17200000000000001,-3.9247137279581779,49.845728223726219,0
0.17300000000000001,-3.9674032553829974,49.842348574371741,0
0.17400000000000002,-4.0102854405496871,49.838916628326857,0
0.17500000000000002,-4.0533596132870748,49.835431931963562,0
0.17599999999999999,-4.0966251025381766,49.831894031526176,0
0.17699999999999999,-4.1400812363568233,49.82830247315642,0
0.17799999999999999,-4.1837273419043566,49.82465680291839,0
0.17899999999999999,-4.2275627454464066,49.820956566823497,0
0.17999999999999999,-4.2715867723497372,49.817201310855339,0
0.18099999999999999,-4.3157987470791763,49.813390580994479,0
0.182,-4.3601979931946167,49.809523923243248,0
0.183,-4.4047838333480858,49.805600883650378,0
0.184,-4.449555589280914,49.801621008335651,0
0.185,-4.4945125818209615,49.797583843514467,0
0.186,-4.5396541308799296,49.793488935522333,0
0.187,-4.5849795554507491,49.789335830839306,0
0.188,-4.6304881736050572,49.785124076114379,0
0.189,-4.6761793024907394,49.780853218189797,0
0.19,-4.7220522583295654,49.776522804125285,0
0.191,-4.7681063564148927,49.772132381222285,0
0.192,-4.8143409111094631,49.767681497048038,0
0.193,-4.8607552358432731,49.763169699459681,0
0.19400000000000001,-4.9073486431115283,49.758596536628232,0
0.19500000000000001,-4.9541204444726814,49.753961557062546,0
0.19600000000000001,-5.0010699505465537,49.749264309633169,0
0.19700000000000001,-5.0481964710125293,49.744504343596155,0
0.19800000000000001,-5.0954993146078573,49.739681208616837,0
0.19900000000000001,-5.1429777891260091,49.73479445479348,0
0.20000000000000001,-5.1906312014151359,49.729843632680925,0
0.20100000000000001,-5.2384588573766102,49.724828293314118,0
0.20200000000000001,-5.2864600619636537,49.719747988231632,0
0.20300000000000001,-5.3346341191800359,49.714602269499053,0
0.20400000000000001,-5.3829803320788869,49.709390689732373,0
0.20500000000000002,-5.4314980027615603,49.704112802121287,0
0.20600000000000002,-5.4801864323766178,49.698768160452381,0
0.20700000000000002,-5.5290449211188735,49.693356319132334,0
0.20800000000000002,-5.5780727682285463,49.687876833211007,0
0.20899999999999999,-5.6272692719904702,49.682329258404458,0
0.20999999999999999,-5.6766337297334442,49.676713151117923,0
0.21099999999999999,-5.726165437829601,49.671028068468701,0
0.21199999999999999,-5.775863691693929,49.66527356830899,0
0.21299999999999999,-5.825727785783835,49.659449209248649,0
0.214,-5.8757570135988342,49.653554550677882,0
0.215,-5.92595066768029,49.647589152789884,0
0.216,-5.97630803961128,49.641552576603381,0
0.217,-6.0268284200165274,49.635444383985131,0
0.218,-6.0775110985624297,49.629264137672344,0
0.219,-6.1283553639571817,49.623011401295038,0
0.22,-6.179360503950984,49.616685739398299,0
0.221,-6.2305258053363399,49.610286717464533,0
0.222,-6.2818505539484484,49.603813901935581,0
0.223,-6.3333340346656897,49.597266860234804,0
0.224,-6.3849755314101913,49.59064516078908,0
0.22500000000000001,-6.4367743271484938,49.583948373050752,0
0.22600000000000001,-6.4887297038923135,49.577176067519474,0
0.22700000000000001,-6.5408409426993837,49.57032781576401,0
0.22800000000000001,-6.5931073236743893,49.563403190443964,0
0.22900000000000001,-6.6455281259700127,49.556401765331401,0
0.23000000000000001,-6.698102627788046,49.549323115332456,0
0.23100000000000001,-6.7508301063806062,49.542166816508797,0
0.23200000000000001,-6.8037098380514545,49.534932446099106,0
0.23300000000000001,-6.8567410981573849,49.527619582540403,0
0.23400000000000001,-6.9099231611097265,49.520227805489341,0
0.23500000000000001,-6.9632553003759252,49.512756695843414,0
0.23600000000000002,-7.0167367884812268,49.505205835762105,0
0.23700000000000002,-7.0703668970104445,49.497574808687936,0
0.23800000000000002,-7.1241448966098329,49.489863199367484,0
0.23900000000000002,-7.1780700569890428,49.482070593872258,0
0.23999999999999999,-7.2321416469231661,49.474196579619559,0
0.24099999999999999,-7.2863589342548938,49.466240745393257,0
0.24199999999999999,-7.3407211858967543,49.458202681364462,0
0.24299999999999999,-7.3952276678334314,49.450081979112134,0
0.24399999999999999,-7.4498776451242046,49.441878231643656,0
0.245,-7.5046703819054672,49.433591033415233,0
0.246,-7.5596051413933383,49.425219980352331,0
0.247,-7.6146811858863614,49.416764669869963,0
0.248,-7.6698977767683223,49.408224700892909,0
0.249,-7.7252541745111269,49.399599673875883,0
0.25,-7.7807496386778032,49.3908891908236,0
0.251,-7.8363834279255693,49.382092855310752,0
0.252,-7.8921548000090205,49.373210272501979,0
0.253,-7.9480630117833933,49.364241049171625,0
0.254,-8.0041073192079324,49.355184793723566,0
0.255,-8.0602869773493371,49.346041116210863,0
0.25600000000000001,-8.1166012403853252,49.336809628355333,0
0.25700000000000001,-8.1730493616082676,49.327489943567116,0
0.25800000000000001,-8.2296305934289293,49.318081676964063,0
0.25900000000000001,-8.2863441873802923,49.308584445391141,0
0.26000000000000001,-8.343189394121497,49.298997867439645,0
0.26100000000000001,-8.4001654634418372,49.289321563466451,0
0.26200000000000001,-8.4572716442648979,49.279555155613096,0
0.26300000000000001,-8.5145071846527234,49.269698267824793,0
0.26400000000000001,-8.5718713318101472,49.259750525869407,0
0.26500000000000001,-8.6293633320891701,49.249711557356299,0
0.26600000000000001,-8.6869824309934334,49.239580991755112,0
0.26700000000000002,-8.7447278731828106,49.229358460414446,0
0.26800000000000002,-8.8025989024780671,49.219043596580498,0
0.26900000000000002,-8.8605947618656078,49.208636035415573,0
0.27000000000000002,-8.9187146935023662,49.198135414016505,0
0.27100000000000002,-8.976957938720707,49.187541371433063,0
0.27200000000000002,-9.0353237380334974,49.176853548686175,0
0.27300000000000002,-9.0938113311392144,49.166071588786146,0
0.27400000000000002,-9.1524199569271829,49.155195136750713,0
0.27500000000000002,-9.2111488534828663,49.144223839623116,0
0.27600000000000002,-9.2699972580932943,49.133157346489988,0
0.27700000000000002,-9.3289644072525491,49.121995308499173,0
0.27800000000000002,-9.3880495366673493,49.110737378877545,0
0.27900000000000003,-9.4472518812627229,49.099383212948595,0
0.28000000000000003,-9.5065706751877848,49.087932468150051,0
0.28100000000000003,-9.5660051518216029,49.076384804051351,0
0.28200000000000003,-9.6255545437791294,49.064739882371057,0
0.28300000000000003,-9.6852180829172401,49.052997366994127,0
0.28400000000000003,-9.7449950003408787,49.04115692398917,0
0.28500000000000003,-9.804884526409273,49.029218221625563,0
0.28600000000000003,-9.8648858907422259,49.017180930390467,0
0.28700000000000003,-9.9249983222265268,49.005044723005824,0
0.28800000000000003,-9.9852210490224405,48.992809274445158,0
0.28899999999999998,-10.045553298570264,48.980474261950384,0
0.28999999999999998,-10.10599429759702,48.968039365048469,0
0.29099999999999998,-10.166543272123175,48.955504265568003,0
0.29199999999999998,-10.227199447469493,48.942868647655708,0
0.29299999999999998,-10.287962048263974,48.930132197792801,0
0.29399999999999998,-10.348830298448842,48.917294604811367,0
0.29499999999999998,-10.409803421287673,48.904355559910485,0
0.29599999999999999,-10.470880639372558,48.891314756672408,0
0.29699999999999999,-10.532061174631393,48.878171891078559,0
0.29799999999999999,-10.593344248335232,48.864926661525473,0
0.29899999999999999,-10.654729081105746,48.851578768840618,0
0.29999999999999999,-10.716214892922725,48.838127916298156,0
0.30099999999999999,-10.777800903131725,48.824573809634558,0
0.30199999999999999,-10.839486330451757,48.810916157064185,0
0.30299999999999999,-10.901270392983067,48.797154669294713,0
0.30399999999999999,-10.963152308215012,48.783289059542511,0
0.30499999999999999,-11.02513129303401,48.769319043547881,0
0.30599999999999999,-11.087206563731582,48.755244339590249,0
0.307,-11.149377336012469,48.741064668503206,0
0.308,-11.211642825002832,48.726779753689478,0
0.309,-11.274002245258533,48.712389321135802,0
0.31,-11.336454810773514,48.697893099427723,0
0.311,-11.398999734988234,48.68329081976421,0
0.312,-11.4616362307982,48.668582215972286,0
0.313,-11.524363510562587,48.653767024521478,0
0.314,-11.587180786112906,48.638844984538188,0
0.315,-11.650087268761796,48.62381583781999,0
0.316,-11.713082169311859,48.608679328849789,0
0.317,-11.776164698064603,48.593435204809886,0
0.318,-11.839334064829428,48.578083215595996,0
0.31900000000000001,-11.902589478932732,48.562623113831073,0
0.32000000000000001,-11.965930149227063,48.547054654879105,0
0.32100000000000001,-12.02935528410036,48.531377596858782,0
0.32200000000000001,-12.092864091485273,48.515591700657076,0
0.32300000000000001,-12.156455778868555,48.499696729942684,0
0.32400000000000001,-12.220129553300527,48.483692451179408,0
0.32500000000000001,-12.283884621404642,48.467578633639398,0
0.32600000000000001,-12.347720189387069,48.45135504941635,0
0.32700000000000001,-12.411635463046427,48.435021473438496,0
0.32800000000000001,-12.47562964778353,48.418577683481622,0
0.32900000000000001,-12.539701948611228,48.402023460181866,0
0.33000000000000002,-12.603851570164345,48.385358587048479,0
0.33100000000000002,-12.668077716709636,48.36858285047645,0
0.33200000000000002,-12.732379592155866,48.351696039759069,0
0.33300000000000002,-12.796756400063943,48.33469794710031,0
0.33400000000000002,-12.861207343657103,48.317588367627174,0
0.33500000000000002,-12.925731625831206,48.300367099401917,0
0.33600000000000002,-12.990328449165068,48.283033943434134,0
0.33700000000000002,-13.054997015930866,48.265588703692778,0
0.33800000000000002,-13.119736528104628,48.248031187118059,0
0.33900000000000002,-13.184546187376792,48.230361203633215,0
0.34000000000000002,-13.249425195162804,48.212578566156211,0
0.34100000000000003,-13.314372752613817,48.194683090611299,0
0.34200000000000003,-13.379388060627431,48.176674595940511,0
0.34300000000000003,-13.444470319858539,48.158552904114998,0
0.34400000000000003,-13.509618730730173,48.14031784014626,0
0.34500000000000003,-13.574832493444482,48.121969232097349,0
0.34600000000000003,-13.640110807993732,48.103506911093838,0
0.34700000000000003,-13.705452874171387,48.084930711334785,0
0.34800000000000003,-13.770857891583251,48.066240470103537,0
0.34900000000000003,-13.836325059658677,48.047436027778438,0
0.35000000000000003,-13.901853577661807,48.028517227843416,0
0.35100000000000003,-13.967442644702944,48.009483916898475,0
0.35199999999999998,-14.033091459749905,47.990335944670093,0
0.35299999999999998,-14.098799221639474,47.971073164021441,0
0.35399999999999998,-14.16456512908894,47.95169543096258,0
0.35499999999999998,-14.230388380707636,47.932202604660482,0
0.35599999999999998,-14.296268175008553,47.912594547448975,0
0.35699999999999998,-14.36220371042007,47.892871124838571,0
0.35799999999999998,-14.428194185297675,47.873032205526137,0
0.35899999999999999,-14.494238797935738,47.853077661404541,0
0.35999999999999999,-14.560336746579416,47.833007367572122,0
0.36099999999999999,-14.626487229436513,47.812821202342064,0
0.36199999999999999,-14.692689444689492,47.792519047251631,0
0.36299999999999999,-14.758942590507456,47.772100787071373,0
0.36399999999999999,-14.825245865058253,47.751566309814102,0
0.36499999999999999,-14.891598466520561,47.73091550674387,0
0.36599999999999999,-14.957999593096124,47.710148272384735,0
0.36699999999999999,-15.024448443021939,47.689264504529483,0
0.36799999999999999,-15.090944214582537,47.668264104248202,0
0.36899999999999999,-15.157486106122343,47.64714697589676,0
0.37,-15.224073316058027,47.625913027125158,0
0.371,-15.290705042890965,47.604562168885757,0
0.372,-15.357380485219684,47.583094315441421,0
0.373,-15.424098841752402,47.561509384373537,0
0.374,-15.49085931131961,47.539807296589899,0
0.375,-15.557661092886685,47.517987976332499,0
0.376,-15.62450338556655,47.49605135118518,0
0.377,-15.691385388632373,47.47399735208122,0
0.378,-15.758306301530357,47.451825913310742,0
0.379,-15.825265323892495,47.429536972528055,0
0.38,-15.892261655549442,47.407130470758858,0
0.38100000000000001,-15.959294496543368,47.384606352407324,0
0.38200000000000001,-16.026363047140901,47.361964565263094,0
0.38300000000000001,-16.093466507846092,47.339205060508107,0
0.38400000000000001,-16.160604079413407,47.316327792723378,0
0.38500000000000001,-16.227774962860774,47.293332719895616,0
0.38600000000000001,-16.294978359482673,47.270219803423714,0
0.38700000000000001,-16.362213470863232,47.246989008125183,0
0.38800000000000001,-16.429479498889425,47.223640302242394,0
0.38900000000000001,-16.496775645764192,47.200173657448779,0
0.39000000000000001,-16.564101114019763,47.176589048854829,0
0.39100000000000001,-16.631455106530847,47.15288645501407,0
0.39200000000000002,-16.698836826527945,47.129065857928843,0
0.39300000000000002,-16.766245477610699,47.105127243056025,0
0.39400000000000002,-16.833680263761241,47.081070599312582,0
0.39500000000000002,-16.901140389357586,47.056895919081036,0
0.39600000000000002,-16.968625059187062,47.032603198214836,0
0.39700000000000002,-17.036133478459771,47.008192436043551,0
0.39800000000000002,-17.103664852822053,46.983663635377987,0
0.39900000000000002,-17.17121838837004,46.959016802515173,0
0.40000000000000002,-17.238793291663161,46.934251947243276,0
0.40100000000000002,-17.306388769737712,46.909369082846304,0
0.40200000000000002,-17.374004030120492,46.884368226108762,0
0.40300000000000002,-17.44163828084239,46.859249397320198,0
0.40400000000000003,-17.509290730452037,46.834012620279573,0
0.40500000000000003,-17.576960588029486,46.808657922299567,0
0.40600000000000003,-17.644647063199894,46.783185334210742,0
0.40700000000000003,-17.712349366147269,46.757594890365588,0
0.40800000000000003,-17.780066707628173,46.731886628642464,0
0.40900000000000003,-17.847798298985499,46.706060590449397,0
0.41000000000000003,-17.915543352162256,46.680116820727804,0
0.41100000000000003,-17.983301079715382,46.65405536795604,0
0.41200000000000003,-18.051070694829519,46.627876284152883,0
0.41300000000000003,-18.118851411330894,46.601579624880877,0
0.41400000000000003,-18.18664244370116,46.575165449249532,0
0.41500000000000004,-18.254443007091279,46.548633819918457,0
0.41600000000000004,-18.322252317335369,46.521984803100338,0
0.41699999999999998,-18.390069590964639,46.495218468563813,0
0.41799999999999998,-18.457894045221327,46.468334889636225,0
0.41899999999999998,-18.525724898072571,46.441334143206241,0
0.41999999999999998,-18.593561368224396,46.414216309726413,0
0.42099999999999999,-18.661402675135644,46.386981473215521,0
0.42199999999999999,-18.729248039031958,46.359629721260909,0
0.42299999999999999,-18.797096680919726,46.332161145020599,0
0.42399999999999999,-18.864947822600115,46.304575839225386,0
0.42499999999999999,-18.932800686682988,46.276873902180732,0
0.42599999999999999,-19.00065449660099,46.249055435768597,0
0.42699999999999999,-19.068508476623485,46.221120545449118,0
0.42799999999999999,-19.136361851870603,46.193069340262198,0
0.42899999999999999,-19.204213848327253,46.164901932828968,0
0.42999999999999999,-19.272063692857138,46.136618439353114,0
0.43099999999999999,-19.339910613216791,46.108218979622109,0
0.432,-19.407753838069603,46.079703677008325,0
0.433,-19.475592596999828,46.051072658470027,0
0.434,-19.543426120526664,46.022326054552217,0
0.435,-19.611253640118235,45.993463999387444,0
0.436,-19.679074388205663,45.964486630696399,0
0.437,-19.746887598197066,45.935394089788446,0
0.438,-19.814692504491617,45.906186521562034,0
0.439,-19.882488342493545,45.876864074505008,0
0.44,-19.950274348626166,45.847426900694749,0
0.441,-20.018049760345914,45.817875155798255,0
0.442,-20.085813816156325,45.788208999072062,0
0.443,-20.153565755622061,45.758428593362098,0
0.44400000000000001,-20.221304819382926,45.728534105103357,0
0.44500000000000001,-20.289030249167812,45.698525704319536,0
0.44600000000000001,-20.356741287808735,45.66840356462248,0
0.44700000000000001,-20.424437179254749,45.638167863211557,0
0.44800000000000001,-20.492117168585974,45.607818780872911,0
0.44900000000000001,-20.559780502027486,45.577356501978592,0
0.45000000000000001,-20.627426426963325,45.546781214485563,0
0.45100000000000001,-20.695054191950337,45.51609310993463,0
0.45200000000000001,-20.762663046732175,45.485292383449206,0
0.45300000000000001,-20.830252242253135,45.454379233733995,0
0.45400000000000001,-20.89782103067208,45.423353863073558,0
0.45500000000000002,-20.965368665376278,45.392216477330763,0
0.45600000000000002,-21.032894400995282,45.360967285945094,0
0.45700000000000002,-21.100397493414743,45.329606501930911,0
0.45800000000000002,-21.167877199790237,45.298134341875503,0
0.45900000000000002,-21.235332778561048,45.26655102593714,0
0.46000000000000002,-21.30276348946397,45.234856777842914,0
0.46100000000000002,-21.370168593547035,45.203051824886515,0
0.46200000000000002,-21.43754735318327,45.171136397925892,0
0.46300000000000002,-21.504899032084367,45.139110731380796,0
0.46400000000000002,-21.572222895314443,45.106975063230202,0
0.46500000000000002,-21.639518209303631,45.074729635009646,0
0.46600000000000003,-21.706784241861758,45.042374691808405,0
0.46700000000000003,-21.774020262191947,45.009910482266619,0
0.46800000000000003,-21.841225540904219,44.97733725857227,0
0.46900000000000003,-21.908399350029011,44.94465527645805,0
0.47000000000000003,-21.975540963030767,44.911864795198127,0
0.47100000000000003,-22.042649654821382,44.878966077604808,0
0.47200000000000003,-22.109724701773715,44.845959390025065,0
0.47300000000000003,-22.176765381735002,44.812845002336999,0
0.47400000000000003,-22.243770974040299,44.779623187946122,0
0.47500000000000003,-22.31074075952581,44.746294223781632,0
0.47600000000000003,-22.377674020542297,44.712858390292453,0
0.47700000000000004,-22.444570040968323,44.679315971443287,0
0.47800000000000004,-22.51142810622358,44.645667254710474,0
0.47900000000000004,-22.578247503282096,44.611912531077792,0
0.47999999999999998,-22.645027520685471,44.57805209503212,0
0.48099999999999998,-22.711767448556007,44.544086244559018,0
0.48199999999999998,-22.778466578609869,44.510015281138166,0
0.48299999999999998,-22.845124204170169,44.475839509738748,0
0.48399999999999999,-22.911739620180004,44.441559238814676,0
0.48499999999999999,-22.978312123215471,44.407174780299734,0
0.48599999999999999,-23.044841011498644,44.372686449602647,0
0.48699999999999999,-23.11132558491051,44.338094565601949,0
0.48799999999999999,-23.177765145003843,44.30339945064086,0
0.48899999999999999,-23.244158995016043,44.268601430522004,0
0.48999999999999999,-23.310506439881927,44.233700834502002,0
0.49099999999999999,-23.376806786246515,44.198697995286004,0
0.49199999999999999,-23.443059342477717,44.163593249022078,0
0.49299999999999999,-23.509263418678977,44.128386935295545,0
0.49399999999999999,-23.575418326701911,44.093079397123169,0
0.495,-23.641523380158866,44.05767098094725,0
0.496,-23.707577894435442,44.022162036629638,0
0.497,-23.773581186702948,43.986552917445621,0
0.498,-23.839532575930807,43.950843980077721,0
0.499,-23.905431382898957,43.915035584609399,0
0.5,-23.971276930210148,43.879128094518634,0
0.501,-24.037068542302187,43.843121876671447,0
0.502,-24.102805545460161,43.807017301315263,0
0.503,-24.168487267828592,43.770814742072226,0
0.504,-24.234113039423534,43.734514575932387,0
0.505,-24.299682192144594,43.698117183246822,0
0.50600000000000001,-24.365194059786962,43.661622947720602,0
0.50700000000000001,-24.430647978053301,43.625032256405724,0
0.50800000000000001,-24.49604328456563,43.588345499693922,0
0.50900000000000001,-24.56137931887714,43.551563071309324,0
0.51000000000000001,-24.626655422483946,43.514685368301151,0
0.51100000000000001,-24.691870938836779,43.47771279103614,0
0.51200000000000001,-24.757025213352609,43.440645743191055,0
0.51300000000000001,-24.822117593426228,43.403484631744952,0
0.51400000000000001,-24.887147428441754,43.36622986697143,0
0.51500000000000001,-24.952114069784059,43.328881862430798,0
0.51600000000000001,-25.017016870850181,43.291441034962062,0
0.51700000000000002,-25.081855187060619,43.253907804674945,0
0.51800000000000002,-25.146628375870584,43.216282594941696,0
0.51900000000000002,-25.211335796781189,43.17856583238887,0
0.52000000000000002,-25.275976811350553,43.140757946889032,0
0.52100000000000002,-25.340550783204886,43.102859371552299,0
0.52200000000000002,-25.405057078049438,43.064870542717884,0
0.52300000000000002,-25.469495063679414,43.026791899945437,0
0.52400000000000002,-25.533864109990841,42.988623886006415,0
0.52500000000000002,-25.598163588991337,42.950366946875299,0
0.52600000000000002,-25.662392874810777,42.912021531720697,0
0.52700000000000002,-25.726551343711979,42.873588092896441,0
0.52800000000000002,-25.790638374101228,42.835067085932494,0
0.52900000000000003,-25.85465334653875,42.796458969525887,0
0.53000000000000003,-25.918595643749185,42.757764205531444,0
0.53100000000000003,-25.982464650631851,42.718983258952527,0
0.53200000000000003,-26.046259754271055,42.680116597931644,0
0.53300000000000003,-26.109980343946248,42.641164693740961,0
0.53400000000000003,-26.173625811142188,42.60212802077276,0
0.53500000000000003,-26.237195549558894,42.563007056529813,0
0.53600000000000003,-26.300688955121682,42.523802281615652,0
0.53700000000000003,-26.364105425990982,42.484514179724741,0
0.53800000000000003,-26.427444362572167,42.445143237632649,0
0.53900000000000003,-26.49070516752527,42.405689945186012,0
0.54000000000000004,-26.553887245774625,42.366154795292523,0
0.54100000000000004,-26.616990004518399,42.326538283910814,0
0.54200000000000004,-26.680012853238093,42.286840910040212,0
0.54300000000000004,-26.742955203707933,42.247063175710458,0
0.54400000000000004,-26.805816470004164,42.20720558597138,0
0.54500000000000004,-26.868596068514304,42.16726864888237,0
0.54600000000000004,-26.93129341794625,42.127252875501924,0
0.54700000000000004,-26.993907939337394,42.087158779877001,0
0.54800000000000004,-27.056439056063518,42.046986879032374,0
0.54900000000000004,-27.118886193847732,42.006737692959859,0
0.55000000000000004,-27.181248780769291,41.96641174460747,0
0.55100000000000005,-27.243526247272243,41.926009559868547,0
0.55200000000000005,-27.305718026174112,41.885531667570724,0
0.55300000000000005,-27.36782355267442,41.844978599464945,0
0.55400000000000005,-27.42984226436311,41.80435089021428,0
0.55500000000000005,-27.491773601228928,41.763649077382738,0
0.55600000000000005,-27.553617005667686,41.722873701424021,0
0.55700000000000005,-27.615371922490436,41.682025305670152,0
0.55800000000000005,-27.677037798931558,41.641104436320056,0
0.55900000000000005,-27.73861408465676,41.600111642428097,0
0.56000000000000005,-27.800100231770941,41.559047475892527,0
0.56100000000000005,-27.861495694826075,41.517912491443838,0
0.56200000000000006,-27.922799930828823,41.47670724663309,0
0.56300000000000006,-27.984012399248261,41.435432301820136,0
0.56400000000000006,-28.045132562023323,41.394088220161819,0
0.56500000000000006,-28.106159883570264,41.352675567600045,0
0.56600000000000006,-28.167093830789984,41.311194912849864,0
0.56700000000000006,-28.22793387307529,41.269646827387419,0
0.56800000000000006,-28.28867948231801,41.228031885437851,0
0.56900000000000006,-28.34933013291602,41.186350663963168,0
0.57000000000000006,-28.409885301780257,41.14460374265002,0
0.57100000000000006,-28.470344468341487,41.10279170389741,0
0.57200000000000006,-28.530707114557099,41.060915132804347,0
0.57300000000000006,-28.590972724917737,41.018974617157482,0
0.57400000000000007,-28.651140786453851,40.976970747418612,0
0.57500000000000007,-28.711210788742143,40.93490411671214,0
0.57600000000000007,-28.771182223911936,40.892775320812525,0
0.57699999999999996,-28.831054586651355,40.850584958131627,0
0.57799999999999996,-28.89082737421354,40.808333629705999,0
0.57899999999999996,-28.950500086422654,40.766021939184135,0
0.57999999999999996,-29.010072225679806,40.723650492813647,0
0.58099999999999996,-29.06954329696892,40.681219899428399,0
0.58199999999999996,-29.128912807862438,40.638730770435579,0
0.58299999999999996,-29.188180268526935,40.59618371980271,0
0.58399999999999996,-29.247345191728673,40.553579364044623,0
0.58499999999999996,-29.306407092838985,40.51091832221033,0
0.58599999999999997,-29.365365489839601,40.468201215869939,0
0.58699999999999997,-29.424219903327835,40.425428669101407,0
0.58799999999999997,-29.482969856521692,40.382601308477305,0
0.58899999999999997,-29.541614875264866,40.339719763051519,0
0.58999999999999997,-29.600154488031588,40.296784664345907,0
0.59099999999999997,-29.658588225931418,40.25379664633688,0
0.59199999999999997,-29.716915622713898,40.210756345441979,0
0.59299999999999997,-29.775136214773152,40.167664400506339,0
0.59399999999999997,-29.833249541152252,40.124521452789182,0
0.59499999999999997,-29.891255143547625,40.081328145950174,0
0.59599999999999997,-29.949152566313227,40.038085126035853,0
0.59699999999999998,-30.006941356464697,39.99479304146589,0
0.59799999999999998,-30.064621063683337,39.951452543019364,0
0.59899999999999998,-30.122191240320007,39.908064283820991,0
0.59999999999999998,-30.179651441398914,39.864628919327323,0
0.60099999999999998,-30.237001224621267,39.821147107312868,0
0.60199999999999998,-30.29424015036885,39.777619507856173,0
0.60299999999999998,-30.351367781707452,39.734046783325894,0
0.60399999999999998,-30.408383684390198,39.690429598366805,0
0.60499999999999998,-30.465287426860751,39.646768619885783,0
0.60599999999999998,-30.522078580256469,39.603064517037687,0
0.60699999999999998,-30.578756718411302,39.559317961211306,0
0.60799999999999998,-30.635321417858737,39.515529626015208,0
0.60899999999999999,-30.691772257834547,39.471700187263501,0
0.60999999999999999,-30.748108820279395,39.427830322961675,0
0.61099999999999999,-30.804330689841386,39.383920713292319,0
0.61199999999999999,-30.860437453878497,39.339972040600806,0
0.61299999999999999,-30.916428702460809,39.295984989381004,0
0.61399999999999999,-30.972304028372761,39.251960246260879,0
0.61499999999999999,-31.028063027115131,39.207898499988126,0
0.61599999999999999,-31.083705296907056,39.163800441415695,0
0.61699999999999999,-31.13923043868779,39.119666763487388,0
0.61799999999999999,-31.19463805611845,39.075498161223308,0
0.61899999999999999,-31.249927755583609,39.031295331705365,0
0.62,-31.30509914619271,38.98705897406272,0
0.621,-31.360151839781491,38.942789789457166,0
0.622,-31.415085450913164,38.898488481068568,0
0.623,-31.46989959687955,38.854155754080161,0
0.624,-31.524593897702058,38.80979231566392,0
0.625,-31.579167976132574,38.76539887496584,0
0.626,-31.633621457654204,38.720976143091221,0
0.627,-31.687953970481889,38.676524833089914,0
0.628,-31.74216514556295,38.632045659941554,0
0.629,-31.796254616577446,38.587539340540715,0
0.63,-31.850222019938464,38.543006593682165,0
0.63100000000000001,-31.904066994792245,38.498448140045959,0
0.63200000000000001,-31.957789183018232,38.453864702182571,0
0.63300000000000001,-32.011388229228949,38.409257004498045,0
0.63400000000000001,-32.064863780769812,38.364625773239027,0
0.63500000000000001,-32.11821548771875,38.319971736477882,0
0.63600000000000001,-32.171443002885766,38.275295624097694,0
0.63700000000000001,-32.224545981812355,38.230598167777352,0
0.63800000000000001,-32.277524082770768,38.185880100976497,0
0.63900000000000001,-32.330376966763197,38.141142158920566,0
0.64000000000000001,-32.383104297520823,38.096385078585719,0
0.64100000000000001,-32.435705741502701,38.051609598683854,0
0.64200000000000002,-32.488180967894607,38.006816459647482,0
0.64300000000000002,-32.540529648607659,37.96200640361473,0
0.64400000000000002,-32.592751458276929,37.91718017441417,0
0.64500000000000002,-32.64484607425976,37.872338517549807,0
0.64600000000000002,-32.696813176634194,37.827482180185882,0
0.64700000000000002,-32.748652448197028,37.782611911131802,0
0.64800000000000002,-32.800363574461969,37.737728460826958,0
0.64900000000000002,-32.851946243657444,37.692832581325611,0
0.65000000000000002,-32.903400146724501,37.647925026281726,0
0.65100000000000002,-32.954724977314427,37.603006550933777,0
0.65200000000000002,-33.005920431786301,37.558077912089587,0
0.65300000000000002,-33.056986209204432,37.513139868111125,0
0.65400000000000003,-33.107922011335639,37.468193178899313,0
0.65500000000000003,-33.158727542646453,37.423238605878829,0
0.65600000000000003,-33.209402510300102,37.378276911982894,0
0.65700000000000003,-33.2599466241535,37.333308861638024,0
0.65800000000000003,-33.310359596753976,37.288335220748863,0
0.65900000000000003,-33.360641143335997,37.243356756682893,0
0.66000000000000003,-33.410790981817662,37.198374238255248,0
0.66100000000000003,-33.460808832797142,37.153388435713438,0
0.66200000000000003,-33.51069441954894,37.108400120722145,0
0.66300000000000003,-33.560447468020122,37.063410066347942,0
0.66400000000000003,-33.610067706826243,37.018419047044084,0
0.66500000000000004,-33.659554867247309,36.973427838635246,0
0.66600000000000004,-33.708908683223619,36.928437218302257,0
0.66700000000000004,-33.758128891351284,36.883447964566891,0
0.66800000000000004,-33.807215230877873,36.83846085727658,0
0.66900000000000004,-33.856167443697743,36.793476677589211,0
0.67000000000000004,-33.904985274347332,36.748496207957828,0
0.67100000000000004,-33.953668470000295,36.703520232115444,0
0.67200000000000004,-34.002216780462561,36.658549535059763,0
0.67300000000000004,-34.05062995816715,36.613584903037967,0
0.67400000000000004,-34.098907758169013,36.568627123531471,0
0.67500000000000004,-34.147049938139602,36.523676985240684,0
0.67600000000000005,-34.19505625836144,36.478735278069827,0
0.67700000000000005,-34.242926481722435,36.433802793111674,0
0.67800000000000005,-34.290660373710203,36.38888032263236,0
0.67900000000000005,-34.338257702406132,36.343968660056177,0
0.68000000000000005,-34.385718238479427,36.299068599950374,0
0.68100000000000005,-34.433041755180938,36.254180938009981,0
0.68200000000000005,-34.48022802833696,36.209306471042581,0
0.68300000000000005,-34.5272768363428,36.164445996953226,0
0.68400000000000005,-34.574187960156287,36.119600314729183,0
0.68500000000000005,-34.620961183291129,36.074770224424839,0
0.68600000000000005,-34.667596291810163,36.029956527146545,0
0.68700000000000006,-34.714093074318441,35.985160025037494,0
0.68800000000000006,-34.760451321956197,35.940381521262594,0
0.68900000000000006,-34.806670828391759,35.895621819993337,0
0.69000000000000006,-34.852751389814216,35.850881726392771,0
0.69100000000000006,-34.898692804926043,35.806162046600349,0
0.69200000000000006,-34.944494874935543,35.761463587716925,0
0.69300000000000006,-34.990157403549247,35.716787157789653,0
0.69400000000000006,-35.03568019696408,35.672133565796969,0
0.69500000000000006,-35.081063063859482,35.627503621633579,0
0.69600000000000006,-35.12630581538933,35.582898136095459,0
0.69700000000000006,-35.171408265173838,35.538317920864813,0
0.69800000000000006,-35.216370229291201,35.493763788495187,0
0.69900000000000007,-35.261191526269236,35.449236552396421,0
0.70000000000000007,-35.305871977076791,35.404737026819788,0
0.70100000000000007,-35.350411405115089,35.360266026843028,0
0.70200000000000007,-35.394809636208961,35.315824368355464,0
0.70300000000000007,-35.439066498597874,35.271412868043114,0
0.70399999999999996,-35.483181822926916,35.227032343373871,0
0.70499999999999996,-35.527155442237621,35.182683612582565,0
0.70599999999999996,-35.570987191958643,35.138367494656244,0
0.70699999999999996,-35.614676909896339,35.094084809319313,0
0.70799999999999996,-35.658224436225233,35.049836377018792,0
0.70899999999999996,-35.70162961347831,35.005623018909532,0
0.70999999999999996,-35.744892286537237,34.961445556839472,0
0.71099999999999997,-35.788012302622406,34.917304813334994,0
0.71199999999999997,-35.830989511282908,34.873201611586147,0
0.71299999999999997,-35.873823764386309,34.829136775432033,0
0.71399999999999997,-35.916514916108412,34.785111129346163,0
0.71499999999999997,-35.959062822922746,34.741125498421823,0
0.71599999999999997,-36.001467343590093,34.697180708357507,0
0.71699999999999997,-36.043728339147705,34.653277585442332,0
0.71799999999999997,-36.085845672898635,34.609416956541509,0
0.71899999999999997,-36.127819210400673,34.565599649081811,0
0.71999999999999997,-36.169648819455347,34.521826491037132,0
0.72099999999999997,-36.211334370096786,34.47809831091395,0
0.72199999999999998,-36.252875734580371,34.434415937736965,0
0.72299999999999998,-36.29427278737132,34.390780201034666,0
0.72399999999999998,-36.335525405133126,34.347191930824934,0
0.72499999999999998,-36.376633466715909,34.303651957600721,0
0.72599999999999998,-36.417596853144609,34.260161112315743,0
0.72699999999999998,-36.458415447607074,34.216720226370107,0
0.72799999999999998,-36.49908913544202,34.17333013159616,0
0.72899999999999998,-36.539617804126827,34.129991660244187,0
0.72999999999999998,-36.58000134326533,34.086705644968198,0
0.73099999999999998,-36.620239644575335,34.043472918811808,0
0.73199999999999998,-36.660332601876128,34.000294315194068,0
0.73299999999999998,-36.700280111075834,33.95717066789534,0
0.73399999999999999,-36.740082070158586,33.91410281104325,0
0.73499999999999999,-36.779738379171697,33.871091579098604,0
0.73599999999999999,-36.819248940212603,33.828137806841411,0
0.73699999999999999,-36.858613657415731,33.785242329356862,0
0.73799999999999999,-36.897832436939247,33.74240598202141,0
0.73899999999999999,-36.93690518695167,33.699629600488834,0
0.73999999999999999,-36.975831817618378,33.656914020676354,0
0.74099999999999999,-37.014612241087981,33.614260078750803,0
0.74199999999999999,-37.053246371478586,33.571668611114774,0
0.74299999999999999,-37.091734124863962,33.529140454392845,0
0.74399999999999999,-37.130075419259477,33.486676445417856,0
0.745,-37.168270174608125,33.444277421217166,0
0.746,-37.206318312766193,33.401944218998977,0
0.747,-37.244219757488999,33.359677676138688,0
0.748,-37.281974434416405,33.317478630165297,0
0.749,-37.319582271058266,33.275347918747798,0
0.75,-37.357043196779713,33.233286379681658,0
0.751,-37.394357142786355,33.191294850875337,0
0.752,-37.431524042109352,33.149374170336756,0
0.753,-37.468543829590402,33.107525176159918,0
0.754,-37.505416441866537,33.065748706511513,0
0.755,-37.542141817354853,33.024045599617494,0
0.75600000000000001,-37.578719896237175,32.98241669374984,0
0.75700000000000001,-37.615150620444439,32.94086282721323,0
0.75800000000000001,-37.651433933641172,32.899384838331763,0
0.75900000000000001,-37.687569781209724,32.857983565435781,0
0.76000000000000001,-37.723558110234343,32.816659846848722,0
0.76100000000000001,-37.75939886948531,32.775414520873895,0
0.76200000000000001,-37.795092009402801,32.734248425781473,0
0.76300000000000001,-37.830637482080668,32.693162399795369,0
0.76400000000000001,-37.866035241250152,32.652157281080243,0
0.76500000000000001,-37.901285242263462,32.611233907728504,0
0.76600000000000001,-37.93638744207724,32.570393117747351,0
0.76700000000000002,-37.971341799235859,32.52963574904588,0
0.76800000000000002,-38.006148273854691,32.488962639422205,0
0.76900000000000002,-38.040806827603241,32.448374626550624,0
0.77000000000000002,-38.075317423688134,32.407872547968807,0
0.77100000000000002,-38.109680026836024,32.367457241065068,0
0.77200000000000002,-38.143894603276337,32.327129543065631,0
0.77300000000000002,-38.177961120723992,32.286890291021948,0
0.77400000000000002,-38.211879548361978,32.246740321798036,0
0.77500000000000002,-38.245649856823739,32.20668047205794,0
0.77600000000000002,-38.279272018175561,32.1667115782531,0
0.77700000000000002,-38.312746005898788,32.126834476609837,0
0.77800000000000002,-38.34607179487196,32.087050003116914,0
0.77900000000000003,-38.379249361352812,32.047358993513015,0
0.78000000000000003,-38.412278682960178,32.007762283274403,0
0.78100000000000003,-38.445159738655768,31.968260707602496,0
0.78200000000000003,-38.47789250872588,31.928855101411589,0
0.78300000000000003,-38.510476974762973,31.8895462993165,0
0.78400000000000003,-38.542913119647139,31.850335135620348,0
0.78500000000000003,-38.575200927527433,31.811222444302363,0
0.78600000000000003,-38.607340383803177,31.772209059005636,0
0.78700000000000003,-38.639331475105081,31.733295813025059,0
0.78800000000000003,-38.671174189276265,31.694483539295184,0
0.78900000000000003,-38.702868515353252,31.655773070378142,0
0.79000000000000004,-38.734414443546747,31.617165238451676,0
0.79100000000000004,-38.76581196522239,31.578660875297111,0
0.79200000000000004,-38.797061072881377,31.540260812287407,0
0.79300000000000004,-38.828161760140944,31.501965880375288,0
0.79400000000000004,-38.859114021714817,31.463776910081329,0
0.79500000000000004,-38.889917853393506,31.425694731482146,0
0.79600000000000004,-38.920573252024518,31.387720174198595,0
0.79700000000000004,-38.951080215492432,31.349854067384019,0
0.79800000000000004,-38.981438742698913,31.312097239712521,0
0.79900000000000004,-39.01164883354263,31.274450519367274,0
0.80000000000000004,-39.041710488899014,31.236914734028911,0
0.80100000000000005,-39.071623710599972,31.199490710863888,0
0.80200000000000005,-39.101388501413489,31.162179276512884,0
0.80300000000000005,-39.131004865023066,31.124981257079352,0
0.80400000000000005,-39.160472806007199,31.087897478117924,0
0.80500000000000005,-39.189792329818566,31.050928764623034,0
0.80600000000000005,-39.218963442763304,31.01407594101742,0
0.80700000000000005,-39.247986151980065,30.977339831140782,0
0.80800000000000005,-39.276860465418977,30.940721258238433,0
0.80900000000000005,-39.305586391820611,30.904221044949935,0
0.81000000000000005,-39.334163940694701,30.867840013297865,0
0.81100000000000005,-39.362593122298897,30.831578984676533,0
0.81200000000000006,-39.390873947617322,30.795438779840804,0
0.81300000000000006,-39.419006428339124,30.759420218894878,0
0.81400000000000006,-39.446990576836818,30.723524121281187,0
0.81500000000000006,-39.474826406144679,30.687751305769254,0
0.81600000000000006,-39.502513929936889,30.652102590444631,0
0.81700000000000006,-39.530053162505652,30.616578792697869,0
0.81800000000000006,-39.557444118739291,30.581180729213486,0
0.81900000000000006,-39.584686814100117,30.545909215958993,0
0.82000000000000006,-39.611781264602264,30.510765068173971,0
0.82100000000000006,-39.63872748678947,30.475749100359135,0
0.82200000000000006,-39.665525497712693,30.440862126265483,0
0.82300000000000006,-39.692175314907665,30.406104958883414,0
0.82400000000000007,-39.718676956372391,30.371478410431923,0
0.82500000000000007,-39.745030440544483,30.336983292347856,0
0.82600000000000007,-39.771235786278424,30.302620415275083,0
0.82700000000000007,-39.797293012822848,30.268390589053816,0
0.82800000000000007,-39.823202139797523,30.234294622709925,0
0.82900000000000007,-39.848963187170419,30.200333324444234,0
0.83000000000000007,-39.87457617523463,30.166507501621911,0
0.83100000000000007,-39.900041124585172,30.132817960761852,0
0.83200000000000007,-39.925358056095739,30.099265507526106,0
0.83299999999999996,-39.950526990895348,30.065850946709325,0
0.83399999999999996,-39.975547950344911,30.032575082228213,0
0.83499999999999996,-40.000420956013677,29.999438717111051,0
0.83599999999999997,-40.025146029655666,29.966442653487238,0
0.83699999999999997,-40.049723193185926,29.933587692576797,0
0.83799999999999997,-40.074152468656756,29.900874634680026,0
0.83899999999999997,-40.098433878233855,29.868304279167024,0
0.83999999999999997,-40.122567444172333,29.83587742446738,0
0.84099999999999997,-40.146553188792694,29.803594868059779,0
0.84199999999999997,-40.170391134456658,29.771457406461749,0
0.84299999999999997,-40.194081303543015,29.739465835219271,0
0.84399999999999997,-40.217623718423262,29.707620948896569,0
0.84499999999999997,-40.241018401437302,29.675923541065821,0
0.84599999999999997,-40.26426537486887,29.644374404296936,0
0.84699999999999998,-40.287364660921114,29.612974330147331,0
0.84799999999999998,-40.310316281691819,29.581724109151772,0
0.84899999999999998,-40.333120259148863,29.550624530812133,0
0.84999999999999998,-40.355776615105263,29.519676383587324,0
0.85099999999999998,-40.378285371194444,29.48888045488307,0
0.85199999999999998,-40.400646548845181,29.458237531041874,0
0.85299999999999998,-40.422860169256616,29.427748397332866,0
0.85399999999999998,-40.44492625337314,29.397413837941727,0
0.85499999999999998,-40.466844821859219,29.367234635960628,0
0.85599999999999998,-40.488615895074076,29.337211573378188,0
0.85699999999999998,-40.510239493046392,29.307345431069404,0
0.85799999999999998,-40.531715635448833,29.277636988785698,0
0.85899999999999999,-40.553044341572644,29.248087025144795,0
0.85999999999999999,-40.574225630301925,29.218696317620857,0
0.86099999999999999,-40.595259520088128,29.189465642534373,0
0.86199999999999999,-40.616146028924184,29.160395775042318,0
0.86299999999999999,-40.636885174318849,29.131487489128059,0
0.86399999999999999,-40.657476973270697,29.1027415575915,0
0.86499999999999999,-40.677921442242202,29.074158752039104,0
0.86599999999999999,-40.698218597133753,29.045739842873967,0
0.86699999999999999,-40.718368453257519,29.017485599285873,0
0.86799999999999999,-40.738371025311267,28.989396789241397,0
0.86899999999999999,-40.758226327352119,28.96147417947402,0
0.87,-40.777934372770275,28.93371853547416,0
0.871,-40.797495174262551,28.906130621479321,0
0.872,-40.816908743805982,28.878711200464178,0
0.873,-40.836175092631279,28.851461034130679,0
0.874,-40.855294231196204,28.824380882898186,0
0.875,-40.874266169158908,28.797471505893569,0
0.876,-40.893090915351223,28.770733660941278,0
0.877,-40.911768477751814,28.744168104553534,0
0.878,-40.930298863459349,28.717775591920383,0
0.879,-40.948682078665506,28.691556876899838,0
0.88,-40.966918128627995,28.665512712007974,0
0.88100000000000001,-40.985007017643497,28.63964384840903,0
0.88200000000000001,-41.00294874902049,28.613951035905526,0
0.88300000000000001,-41.020743325052052,28.588435022928362,0
0.88400000000000001,-41.03839074698864,28.563096556526876,0
0.88500000000000001,-41.055891015010644,28.537936382358978,0
0.88600000000000001,-41.073244128201111,28.512955244681201,0
0.88700000000000001,-41.09045008451821,28.488153886338747,0
0.88800000000000001,-41.107508880767732,28.463533048755593,0
0.88900000000000001,-41.12442051257549,28.439093471924526,0
0.89000000000000001,-41.141184974359689,28.41483589439715,0
0.89100000000000001,-41.157802259303189,28.390761053273952,0
0.89200000000000002,-41.174272359325769,28.366869684194299,0
0.89300000000000002,-41.190595265056288,28.343162521326416,0
0.89400000000000002,-41.206770965804758,28.319640297357417,0
0.89500000000000002,-41.222799449534449,28.296303743483225,0
0.89600000000000002,-41.238680702833847,28.273153589398532,0
0.89700000000000002,-41.254414710888611,28.250190563286782,0
0.89800000000000002,-41.270001457453418,28.227415391810002,0
0.89900000000000002,-41.28544092482386,28.204828800098742,0
0.90000000000000002,-41.30073309380807,28.182431511741971,0
0.90100000000000002,-41.315877943698595,28.160224248776853,0
0.90200000000000002,-41.330875452243937,28.138207731678644,0
0.90300000000000002,-41.345725595620181,28.116382679350462,0
0.90400000000000003,-41.360428348402557,28.094749809113061,0
0.90500000000000003,-41.374983683536925,28.073309836694602,0
0.90600000000000003,-41.389391572311197,28.052063476220336,0
0.90700000000000003,-41.40365198432675,28.031011440202352,0
0.90800000000000003,-41.417764887469751,28.010154439529199,0
0.90900000000000003,-41.431730247882435,27.989493183455544,0
0.91000000000000003,-41.445548029934315,27.969028379591737,0
0.91100000000000003,-41.459218196193426,27.94876073389344,0
0.91200000000000003,-41.472740707397428,27.928690950651095,0
0.91300000000000003,-41.486115522424669,27.908819732479468,0
0.91400000000000003,-41.49934259826523,27.889147780307106,0
0.91500000000000004,-41.512421889991977,27.869675793365722,0
0.91600000000000004,-41.525353350731379,27.850404469179647,0
0.91700000000000004,-41.538136931634568,27.831334503555095,0
0.91800000000000004,-41.550772581848008,27.812466590569557,0
0.91900000000000004,-41.563260248484447,27.793801422560968,0
0.92000000000000004,-41.575599876593614,27.775339690117001,0
0.92100000000000004,-41.587791409132926,27.757082082064198,0
0.92200000000000004,-41.599834786938182,27.739029285457118,0
0.92300000000000004,-41.611729948694204,27.721181985567387,0
0.92400000000000004,-41.623476830905396,27.703540865872743,0
0.92500000000000004,-41.635075367866321,27.686106608046057,0
0.92600000000000005,-41.646525491632161,27.668879891944176,0
0.92700000000000005,-41.657827131989237,27.651861395596889,0
0.92800000000000005,-41.668980216425417,27.635051795195658,0
0.92900000000000005,-41.679984670100502,27.618451765082479,0
0.93000000000000005,-41.690840415816531,27.602061977738522,0
0.93100000000000005,-41.701547373988191,27.585883103772822,0
0.93200000000000005,-41.712105462612982,27.56991581191086,0
0.93300000000000005,-41.722514597241549,27.554160768983071,0
0.93400000000000005,-41.732774690947821,27.538618639913384,0
0.93500000000000005,-41.742885654299215,27.523290087707554,0
0.93600000000000005,-41.752847395326739,27.508175773441561,0
0.93700000000000006,-41.762659819495141,27.493276356249833,0
0.93800000000000006,-41.772322829672916,27.478592493313542,0
0.93900000000000006,-41.781836326102372,27.464124839848658,0
0.94000000000000006,-41.791200206369673,27.449874049094056,0
0.94100000000000006,-41.800414365374735,27.435840772299528,0
0.94200000000000006,-41.809478695301223,27.422025658713707,0
0.94300000000000006,-41.818393085586443,27.408429355571908,0
0.94400000000000006,-41.827157422891247,27.395052508083896,0
0.94500000000000006,-41.835771591069857,27.381895759421639,0
0.94600000000000006,-41.844235471139733,27.36895975070685,0
0.94700000000000006,-41.852548941251356,27.356245120998601,0
0.94800000000000006,-41.860711876658023,27.343752507280747,0
0.94900000000000007,-41.868724149685555,27.331482544449312,0
0.95000000000000007,-41.876585629702113,27.319435865299756,0
0.95100000000000007,-41.884296183087791,27.307613100514253,0
0.95200000000000007,-41.891855673204397,27.296014878648716,0
0.95300000000000007,-41.899263960365097,27.284641826119884,0
0.95400000000000007,-41.906520901803972,27.273494567192273,0
0.95500000000000007,-41.913626351645767,27.262573723964973,0
0.95600000000000007,-41.920580160875389,27.25187991635844,0
0.95700000000000007,-41.927382177307543,27.241413762101146,0
0.95800000000000007,-41.934032245556274,27.231175876716133,0
0.95900000000000007,-41.940530207004535,27.22116687350746,0
0.95999999999999996,-41.94687589977368,27.211387363546645,0
0.96099999999999997,-41.953069158693033,27.201837955658792,0
0.96199999999999997,-41.959109815269336,27.192519256408893,0
0.96299999999999997,-41.96499769765628,27.183431870087766,0
0.96399999999999997,-41.970732630623935,27.174576398698093,0
0.96499999999999997,-41.976314435528273,27.165953441940168,0
0.96599999999999997,-41.981742930280546,27.157563597197736,0
0.96699999999999997,-41.987017929316785,27.149407459523516,0
0.96799999999999997,-41.992139243567216,27.141485621624735,0
0.96899999999999997,-41.997106680425659,27.133798673848574,0
0.96999999999999997,-42.001920043718975,27.126347204167359,0
0.97099999999999997,-42.006579133676468,27.119131798163767,0
0.97199999999999998,-42.011083746899253,27.112153039015869,0
0.97299999999999998,-42.015433676329714,27.105411507482021,0
0.97399999999999998,-42.019628711220861,27.098907781885671,0
0.97499999999999998,-42.023668637105693,27.092642438100047,0
0.97599999999999998,-42.027553235766661,27.086616049532651,0
0.97699999999999998,-42.031282285204973,27.080829187109742,0
0.97799999999999998,-42.034855559610051,27.075282419260557,0
0.97899999999999998,-42.038272829328889,27.069976311901502,0
0.97999999999999998,-42.041533860835429,27.064911428420167,0
0.98099999999999998,-42.044638416699954,27.060088329659205,0
0.98199999999999998,-42.047586255558521,27.055507573900108,0
0.98299999999999998,-42.050377132082332,27.051169716846765,0
0.98399999999999999,-42.053010796947135,27.047075311608978,0
0.98499999999999999,-42.055486996802649,27.043224908685787,0
0.98599999999999999,-42.057805474241988,27.039619055948638,0
0.98699999999999999,-42.059965967771078,27.036258298624432,0
0.98799999999999999,-42.06196821177813,27.033143179278397,0
0.98899999999999999,-42.063811936503022,27.030274237796888,0
0.98999999999999999,-42.065496868006825,27.027652011369913,0
0.99099999999999999,-42.067022728141261,27.025277034473604,0
0.99199999999999999,-42.068389234518193,27.0231498388525,0
0.99299999999999999,-42.06959610047911,27.02127095350167,0
0.99399999999999999,-42.070643035064663,27.019640904648693,0
0.995,-42.071529742984232,27.018260215735452,0
0.996,-42.07225592458542,27.0171294073998,0
0.997,-42.072821275823692,27.016248997457019,0
0.998,-42.073225488231934,27.015619500881169,0
0.999,-42.073468248890094,27.015241429786201,0
1,-42.073549240394826,27.015115293406982,0
